treatment_id;appointment_id;treatment_type;description;cost;treatment_date
T001;A001;Chemotherapy;Basic screening;3941,97;09.08.2023
T002;A002;MRI;Advanced protocol;4158,44;09.06.2023
T003;A003;MRI;Standard procedure;3731,55;28.06.2023
T004;A004;MRI;Basic screening;4799,86;01.09.2023
T005;A005;ECG;Standard procedure;582,05;06.07.2023
T006;A006;Chemotherapy;Standard procedure;1381;19.06.2023
T007;A007;Chemotherapy;Advanced protocol;534,03;09.04.2023
T008;A008;Physiotherapy;Basic screening;3413,64;24.05.2023
T009;A009;Physiotherapy;Standard procedure;4541,14;05.03.2023
T010;A010;Physiotherapy;Standard procedure;1595,67;13.01.2023
T011;A011;MRI;Basic screening;4671,66;12.11.2023
T012;A012;Chemotherapy;Standard procedure;771,2;07.05.2023
T013;A013;MRI;Standard procedure;4704,96;16.08.2023
T014;A014;ECG;Basic screening;2082,3;25.05.2023
T015;A015;Physiotherapy;Basic screening;956,39;15.01.2023
T016;A016;MRI;Basic screening;2686,42;30.06.2023
T017;A017;MRI;Basic screening;1655,49;11.07.2023
T018;A018;ECG;Advanced protocol;1781,93;14.11.2023
T019;A019;X-Ray;Basic screening;1882,8;06.02.2023
T020;A020;Chemotherapy;Advanced protocol;4113,62;05.12.2023
T021;A021;X-Ray;Advanced protocol;2926,23;24.04.2023
T022;A022;Physiotherapy;Advanced protocol;1900,88;14.11.2023
T023;A023;MRI;Standard procedure;3246,5;09.05.2023
T024;A024;ECG;Advanced protocol;3722,68;21.06.2023
T025;A025;ECG;Advanced protocol;1726,81;25.02.2023
T026;A026;Chemotherapy;Standard procedure;2360,97;17.03.2023
T027;A027;X-Ray;Standard procedure;1048,49;14.11.2023
T028;A028;Chemotherapy;Standard procedure;1315,17;29.10.2023
T029;A029;MRI;Basic screening;3565,03;25.06.2023
T030;A030;Chemotherapy;Standard procedure;1316,47;29.08.2023
T031;A031;ECG;Standard procedure;2863,24;04.04.2023
T032;A032;ECG;Advanced protocol;3690,71;06.11.2023
T033;A033;Physiotherapy;Standard procedure;980,95;23.09.2023
T034;A034;Physiotherapy;Basic screening;3052,9;13.06.2023
T035;A035;MRI;Standard procedure;1654,53;18.04.2023
T036;A036;X-Ray;Basic screening;4833,17;08.01.2023
T037;A037;Chemotherapy;Standard procedure;2675,96;28.03.2023
T038;A038;MRI;Standard procedure;4126,97;23.02.2023
T039;A039;Physiotherapy;Standard procedure;2976,02;17.04.2023
T040;A040;Chemotherapy;Standard procedure;695,36;27.03.2023
T041;A041;Physiotherapy;Basic screening;3349,18;01.01.2023
T042;A042;Chemotherapy;Basic screening;4781,32;21.03.2023
T043;A043;X-Ray;Advanced protocol;3207,25;29.03.2023
T044;A044;MRI;Basic screening;4186,35;20.09.2023
T045;A045;Chemotherapy;Standard procedure;4478,93;28.09.2023
T046;A046;ECG;Advanced protocol;1526,36;20.12.2023
T047;A047;ECG;Advanced protocol;1454,2;02.05.2023
T048;A048;Chemotherapy;Advanced protocol;3249,41;16.01.2023
T049;A049;Chemotherapy;Standard procedure;2349,63;30.04.2023
T050;A050;Chemotherapy;Basic screening;4279,38;16.08.2023
T051;A051;ECG;Standard procedure;4550,1;04.02.2023
T052;A052;ECG;Advanced protocol;2090,4;12.07.2023
T053;A053;Chemotherapy;Standard procedure;1565,92;12.02.2023
T054;A054;Physiotherapy;Standard procedure;4012,36;16.12.2023
T055;A055;Physiotherapy;Basic screening;1736,63;06.10.2023
T056;A056;X-Ray;Basic screening;4201,76;02.01.2023
T057;A057;MRI;Advanced protocol;2406,82;15.04.2023
T058;A058;Physiotherapy;Standard procedure;3503,97;09.05.2023
T059;A059;ECG;Standard procedure;929,91;09.03.2023
T060;A060;Physiotherapy;Basic screening;3307,37;22.11.2023
T061;A061;X-Ray;Standard procedure;2532,95;15.01.2023
T062;A062;X-Ray;Standard procedure;3139,74;14.06.2023
T063;A063;MRI;Standard procedure;1256,06;29.06.2023
T064;A064;Physiotherapy;Basic screening;3815,93;31.05.2023
T065;A065;ECG;Advanced protocol;4382,59;24.04.2023
T066;A066;ECG;Advanced protocol;1475,33;10.05.2023
T067;A067;Chemotherapy;Standard procedure;930,72;10.08.2023
T068;A068;ECG;Advanced protocol;606,37;14.03.2023
T069;A069;MRI;Basic screening;3388,87;29.03.2023
T070;A070;MRI;Basic screening;3231,92;26.08.2023
T071;A071;ECG;Advanced protocol;2960,14;26.01.2023
T072;A072;ECG;Advanced protocol;1543,76;12.06.2023
T073;A073;Chemotherapy;Standard procedure;2259,08;24.12.2023
T074;A074;ECG;Advanced protocol;3175,14;23.07.2023
T075;A075;Chemotherapy;Standard procedure;2735,45;08.05.2023
T076;A076;Chemotherapy;Standard procedure;4945,03;27.11.2023
T077;A077;ECG;Basic screening;1113,98;14.12.2023
T078;A078;X-Ray;Basic screening;3628,15;17.09.2023
T079;A079;X-Ray;Basic screening;2319,43;26.12.2023
T080;A080;Chemotherapy;Basic screening;2426,9;26.06.2023
T081;A081;ECG;Advanced protocol;3729,19;06.01.2023
T082;A082;X-Ray;Basic screening;3615,96;20.01.2023
T083;A083;ECG;Advanced protocol;4960,65;07.11.2023
T084;A084;ECG;Basic screening;1077,77;31.05.2023
T085;A085;ECG;Advanced protocol;968,49;18.02.2023
T086;A086;Physiotherapy;Standard procedure;3759,52;29.10.2023
T087;A087;ECG;Advanced protocol;3102,74;19.10.2023
T088;A088;Physiotherapy;Advanced protocol;1733,72;02.05.2023
T089;A089;Chemotherapy;Basic screening;857,39;14.02.2023
T090;A090;X-Ray;Advanced protocol;885,46;01.06.2023
T091;A091;X-Ray;Standard procedure;4523,86;11.06.2023
T092;A092;X-Ray;Standard procedure;1363,4;30.01.2023
T093;A093;X-Ray;Basic screening;1955,17;09.04.2023
T094;A094;X-Ray;Standard procedure;1519,95;08.04.2023
T095;A095;X-Ray;Advanced protocol;2097,48;09.05.2023
T096;A096;X-Ray;Standard procedure;812,41;07.07.2023
T097;A097;Chemotherapy;Basic screening;2835,77;06.05.2023
T098;A098;ECG;Advanced protocol;804,26;17.03.2023
T099;A099;MRI;Basic screening;4101,6;04.07.2023
T100;A100;Physiotherapy;Advanced protocol;1551,7;02.03.2023
T101;A101;MRI;Standard procedure;2930,05;21.09.2023
T102;A102;MRI;Basic screening;4460,36;25.10.2023
T103;A103;ECG;Basic screening;3428,95;24.01.2023
T104;A104;ECG;Advanced protocol;2898,31;18.04.2023
T105;A105;ECG;Basic screening;1959,5;14.08.2023
T106;A106;X-Ray;Advanced protocol;1998,51;29.10.2023
T107;A107;Chemotherapy;Advanced protocol;3512,69;17.04.2023
T108;A108;X-Ray;Advanced protocol;4973,63;21.04.2023
T109;A109;Chemotherapy;Advanced protocol;3478,28;29.07.2023
T110;A110;Chemotherapy;Standard procedure;3010,03;19.07.2023
T111;A111;MRI;Advanced protocol;3787,93;22.05.2023
T112;A112;MRI;Basic screening;2593,43;11.01.2023
T113;A113;Chemotherapy;Standard procedure;770,64;24.11.2023
T114;A114;Chemotherapy;Basic screening;3030,34;08.08.2023
T115;A115;X-Ray;Standard procedure;4809,31;25.10.2023
T116;A116;X-Ray;Advanced protocol;1288,86;07.07.2023
T117;A117;MRI;Standard procedure;3605,02;20.06.2023
T118;A118;ECG;Standard procedure;1404,2;09.08.2023
T119;A119;Chemotherapy;Basic screening;2911,22;18.12.2023
T120;A120;X-Ray;Basic screening;935,04;08.12.2023
T121;A121;MRI;Advanced protocol;2526,67;07.04.2023
T122;A122;X-Ray;Standard procedure;3902,73;11.07.2023
T123;A123;Chemotherapy;Standard procedure;2064,07;28.02.2023
T124;A124;Chemotherapy;Standard procedure;3492,1;16.03.2023
T125;A125;Physiotherapy;Advanced protocol;4079,52;18.02.2023
T126;A126;ECG;Advanced protocol;4672,3;02.11.2023
T127;A127;Physiotherapy;Advanced protocol;1555,89;13.11.2023
T128;A128;MRI;Advanced protocol;2296,92;15.04.2023
T129;A129;X-Ray;Advanced protocol;1185,87;25.08.2023
T130;A130;MRI;Basic screening;4966,18;23.02.2023
T131;A131;Chemotherapy;Standard procedure;4671,5;11.05.2023
T132;A132;Physiotherapy;Standard procedure;2929,81;26.07.2023
T133;A133;Physiotherapy;Standard procedure;4289,15;23.03.2023
T134;A134;Physiotherapy;Standard procedure;2844,31;17.10.2023
T135;A135;MRI;Standard procedure;3306,14;09.09.2023
T136;A136;Chemotherapy;Standard procedure;901,06;13.05.2023
T137;A137;X-Ray;Standard procedure;3898,72;25.10.2023
T138;A138;X-Ray;Standard procedure;1074,71;26.12.2023
T139;A139;MRI;Basic screening;4217,3;10.10.2023
T140;A140;Physiotherapy;Standard procedure;4019,13;05.02.2023
T141;A141;ECG;Basic screening;3689,35;15.06.2023
T142;A142;MRI;Advanced protocol;662,72;01.11.2023
T143;A143;MRI;Standard procedure;1864,08;21.09.2023
T144;A144;Chemotherapy;Advanced protocol;1684,01;16.08.2023
T145;A145;X-Ray;Advanced protocol;2120,61;11.11.2023
T146;A146;MRI;Advanced protocol;894,39;05.01.2023
T147;A147;MRI;Basic screening;4716,31;13.11.2023
T148;A148;Physiotherapy;Advanced protocol;2992,11;06.12.2023
T149;A149;Physiotherapy;Advanced protocol;1874,86;26.07.2023
T150;A150;ECG;Advanced protocol;2286,42;16.08.2023
T151;A151;Chemotherapy;Standard procedure;2512,41;28.01.2023
T152;A152;ECG;Standard procedure;3202,67;14.04.2023
T153;A153;Physiotherapy;Basic screening;2820,56;08.07.2023
T154;A154;X-Ray;Basic screening;4637,26;06.03.2023
T155;A155;Physiotherapy;Standard procedure;2736,34;03.01.2023
T156;A156;Chemotherapy;Basic screening;4964,71;22.11.2023
T157;A157;Physiotherapy;Standard procedure;4331,41;12.05.2023
T158;A158;Chemotherapy;Advanced protocol;1438,3;12.07.2023
T159;A159;Chemotherapy;Advanced protocol;4687,68;08.04.2023
T160;A160;Chemotherapy;Basic screening;1023,65;17.12.2023
T161;A161;Chemotherapy;Standard procedure;4178,52;17.06.2023
T162;A162;Chemotherapy;Standard procedure;2212,8;01.01.2023
T163;A163;X-Ray;Basic screening;4450,88;27.06.2023
T164;A164;ECG;Standard procedure;4406,26;28.07.2023
T165;A165;MRI;Advanced protocol;4126,66;04.04.2023
T166;A166;ECG;Basic screening;4055,14;12.01.2023
T167;A167;Chemotherapy;Basic screening;1871,06;15.11.2023
T168;A168;X-Ray;Standard procedure;864,14;29.09.2023
T169;A169;Physiotherapy;Basic screening;2313,41;24.07.2023
T170;A170;X-Ray;Standard procedure;1280,86;03.03.2023
T171;A171;Chemotherapy;Standard procedure;3627,28;18.04.2023
T172;A172;X-Ray;Standard procedure;2057,45;09.03.2023
T173;A173;X-Ray;Standard procedure;4890,25;04.06.2023
T174;A174;Chemotherapy;Standard procedure;3384,37;31.10.2023
T175;A175;X-Ray;Basic screening;4201,16;22.10.2023
T176;A176;MRI;Advanced protocol;1096,36;26.04.2023
T177;A177;MRI;Advanced protocol;4379,07;16.08.2023
T178;A178;X-Ray;Basic screening;4652,41;17.01.2023
T179;A179;Physiotherapy;Basic screening;2691,78;08.03.2023
T180;A180;Chemotherapy;Advanced protocol;3228,14;07.01.2023
T181;A181;MRI;Advanced protocol;3941,64;03.09.2023
T182;A182;Physiotherapy;Advanced protocol;1286,77;12.04.2023
T183;A183;X-Ray;Advanced protocol;2761,55;03.02.2023
T184;A184;Physiotherapy;Advanced protocol;2293,98;26.02.2023
T185;A185;ECG;Standard procedure;1158,68;21.03.2023
T186;A186;MRI;Basic screening;2153,9;27.03.2023
T187;A187;X-Ray;Standard procedure;806,78;13.02.2023
T188;A188;Chemotherapy;Advanced protocol;616,15;12.04.2023
T189;A189;X-Ray;Advanced protocol;1108,25;05.10.2023
T190;A190;Chemotherapy;Advanced protocol;4834,02;16.11.2023
T191;A191;X-Ray;Standard procedure;2972,88;12.04.2023
T192;A192;Physiotherapy;Standard procedure;4846,2;31.08.2023
T193;A193;Physiotherapy;Advanced protocol;2446,24;15.09.2023
T194;A194;Physiotherapy;Standard procedure;1903,17;06.04.2023
T195;A195;ECG;Standard procedure;2777,64;19.08.2023
T196;A196;Chemotherapy;Advanced protocol;2477,8;26.10.2023
T197;A197;Physiotherapy;Standard procedure;975,49;01.04.2023
T198;A198;ECG;Basic screening;3383,72;15.05.2023
T199;A199;Chemotherapy;Basic screening;1472,17;01.05.2023
T200;A200;X-Ray;Basic screening;3288,15;30.12.2023
